<updates>
	<update>
		<name><![CDATA[ Phoca Maps Content Plugin ]]></name>
		<description><![CDATA[ Phoca Maps Plugin is a Joomla! plugin. With Phoca Maps Plugin you can display one or more maps on your site (in the article). You can display the map or only link to selected map. When user click on this link, the map will be displayed in Modal Box window or in standard Popup window. ]]></description>
		<element>phocamaps</element>
		<folder>content</folder>
		<type>plugin</type>
		<version>3.0.11</version>
		<infourl title="Phoca Maps Content Plugin 3.0.11">https://www.phoca.cz/</infourl>
		<downloads>
			<downloadurl type="full" format="zip">https://github.com/PhocaCz/PhocaMapsPlugin/releases/download/3.0.11/plg_content_phocamaps_v3.0.11.zip</downloadurl>
		</downloads>
		<tags>
			<tag>stable</tag>
		</tags>
		<maintainer><![CDATA[ Phoca.cz ]]></maintainer>
		<maintainerurl>https://www.phoca.cz/</maintainerurl>
		<section>Updates</section>
		<targetplatform name="joomla" version="3.9"/>
		<client>site</client>
	</update>
</updates>
